{
	"credit": "Made with Blockbench",
	"textures": {
		"0": "item/cigarette",
		"particle": "item/cigarette"
	},
	"elements": [
		{
			"from": [7, 0, 7],
			"to": [9, 12, 9],
			"faces": {
				"north": {"uv": [0, 2, 2, 14], "texture": "#0"},
				"east": {"uv": [6, 2, 8, 14], "texture": "#0"},
				"south": {"uv": [4, 2, 6, 14], "texture": "#0"},
				"west": {"uv": [2, 2, 4, 14], "texture": "#0"},
				"up": {"uv": [0, 0, 2, 2], "texture": "#0"},
				"down": {"uv": [6, 14, 8, 16], "texture": "#0"}
			}
		}
	],
	"display": {
		"thirdperson_righthand": {
			"rotation": [-163, -75, 18],
			"translation": [-1.25, 0.75, 0.75],
			"scale": [0.3, 0.3, 0.3]
		},
		"thirdperson_lefthand": {
			"rotation": [-163, 75, -30],
			"translation": [0.75, 0.5, 0.25],
			"scale": [0.3, 0.3, 0.3]
		},
		"firstperson_righthand": {
			"rotation": [162, 14, -15],
			"translation": [-0.5, 1.25, 1.75],
			"scale": [0.3, 0.3, 0.3]
		},
		"firstperson_lefthand": {
			"rotation": [160, -107, 14],
			"translation": [0, 1.25, 0.5],
			"scale": [0.3, 0.3, 0.3]
		},
		"ground": {
			"scale": [0.3, 0.3, 0.3]
		},
		"gui": {
			"rotation": [-4, 40, -20],
			"translation": [0.25, 1.5, 0]
		},
		"fixed": {
			"translation": [0, 2.25, 0]
		}
	}
}