{
	"credit": "Made with Blockbench",
	"textures": {
		"0": "item/spezi",
		"particle": "item/spezi"
	},
	"elements": [
		{
			"from": [6, 0, 6],
			"to": [10, 8, 10],
			"faces": {
				"north": {"uv": [4, 4, 8, 12], "texture": "#0"},
				"east": {"uv": [0, 4, 4, 12], "texture": "#0"},
				"south": {"uv": [12, 4, 16, 12], "texture": "#0"},
				"west": {"uv": [8, 4, 12, 12], "texture": "#0"},
				"up": {"uv": [0, 0, 4, 4], "texture": "#0"},
				"down": {"uv": [12, 12, 16, 16], "texture": "#0"}
			}
		}
	],
	"display": {
		"thirdperson_righthand": {
			"rotation": [0, -21, 0],
			"translation": [-1.25, 3.25, 1.25],
			"scale": [0.75, 0.75, 0.75]
		},
		"thirdperson_lefthand": {
			"rotation": [0, 54, 0],
			"translation": [-1.25, 3.25, 1.25],
			"scale": [0.75, 0.75, 0.75]
		},
		"firstperson_righthand": {
			"rotation": [-6, 37, 4],
			"translation": [1, 5.25, -0.75],
			"scale": [0.75, 0.75, 0.75]
		},
		"firstperson_lefthand": {
			"rotation": [-11, -159, -2],
			"translation": [0, 4.75, 0],
			"scale": [0.75, 0.75, 0.75]
		},
		"ground": {
			"translation": [0, 0.5, 0],
			"scale": [0.5, 0.5, 0.5]
		},
		"gui": {
			"rotation": [21, 39, 0],
			"translation": [0, 4.5, 0],
			"scale": [1.25, 1.25, 1.25]
		},
		"fixed": {
			"translation": [0, 6, -2.25],
			"scale": [1.5, 1.5, 1.5]
		}
	}
}