{
    "music_disc.griechischerwein": {
        "sounds": [
            {
                "name": "records/griechischerwein",
                "stream": true
            }
        ]
    },
    "music_disc.doom": {
        "sounds": [
            {
                "name": "records/doom",
                "stream": true
            }
        ]
    },
    "music_disc.dota": {
        "sounds": [
            {
                "name": "records/DotA",
                "stream": true
            }
        ]
    },
    "music_disc.erdo1": {
        "sounds": [
            {
                "name": "records/Erdo1",
                "stream": true
            }
        ]
    },
    "music_disc.erdo2": {
        "sounds": [
            {
                "name": "records/Erdo2",
                "stream": true
            }
        ]
    },
    "music_disc.ez4ence": {
        "sounds": [
            {
                "name": "records/EZ4ENCE",
                "stream": true
            }
        ]
    },
    "music_disc.pq": {
        "sounds": [
            {
                "name": "records/pq",
                "stream": true
            }
        ]
    },
    "music_disc.aplusb": {
        "sounds": [
            {
                "name": "records/aplusb",
                "stream": true
            }
        ]
    },
    "music_disc.kim1": {
        "sounds": [
            {
                "name": "records/Kim1",
                "stream": true
            }
        ]
    },
    "music_disc.kim2": {
        "sounds": [
            {
                "name": "records/Kim2",
                "stream": true
            }
        ]
    }
}